init_lr,dropout,freeze_image_encoder,train_loss,train_reg_loss,train_c_index,train_decile_recall,train_1year_auc,train_2year_auc,train_3year_auc,train_4year_auc,train_5year_auc,dev_loss,dev_reg_loss,dev_c_index,dev_decile_recall,dev_1year_auc,dev_2year_auc,dev_3year_auc,dev_4year_auc,dev_5year_auc,test_loss,test_reg_loss,test_c_index,test_decile_recall,test_1year_auc,test_2year_auc,test_3year_auc,test_4year_auc,test_5year_auc,results_path,model_path,log_path
1e-05,0.0,True,0.03020165900926332,-0.08910379055384043,0.7411490170362699,0.21052631578947367,0.8287878787878787,0.8227272727272728,0.7867647058823529,0.7083333333333334,0.7083333333333334,0.09871898964047432,-0.40850476920604706,0.8048780487804879,0.6666666666666666,0.7142857142857143,0.7142857142857143,0.7142857142857143,0.8461538461538461,0.8461538461538461,0.09773022433121999,-0.3795999089876811,0.6363636363636365,0.0,0.6363636363636364,0.6363636363636364,0.6363636363636364,0.6363636363636364,0.6363636363636364,logs/9fcabef9e286c63d9586687b8f40fc87.results,snapshot/db85caf2757e6348c74e33d2e71c3d56_model.pt,logs/9fcabef9e286c63d9586687b8f40fc87.txt
1e-06,0.0,True,0.07000418692021756,-0.07465404674813554,0.797200789879818,0.17391304347826086,0.8597516435354273,0.8714390065741418,0.8470588235294118,0.7694099378881988,0.7694099378881988,0.21905971504747868,-0.3187084533274174,0.8048780487804879,0.6666666666666666,0.7142857142857143,0.7142857142857143,0.7142857142857143,0.8461538461538461,0.8461538461538461,0.18131899336973825,-0.31187157332897186,0.6363636363636365,0.0,0.6363636363636364,0.6363636363636364,0.6363636363636364,0.6363636363636364,0.6363636363636364,logs/2ebc2e9b1b9f0add5f13f36d9ce733ca.results,snapshot/d5aeb64f6ef6bdbef1051a4123c2f95c_model.pt,logs/2ebc2e9b1b9f0add5f13f36d9ce733ca.txt
