patient_exam_id,1_year_risk,2_year_risk,3_year_risk,4_year_risk,5_year_risk
922103	1,0.13105504,0.20100151,0.20100151,0.22614136,0.22614136
